id,user,amount,location,time,fraud
1,Eve,50000.0,Nigeria,2,1
2,Frank,15000.0,Russia,3,1
3,Grace,10000.0,China,4,1
4,HackerOne,8000.0,Dark Web,1,1
5,Anonymous,20000.0,North Korea,5,1
6,Zara,5.0,Brazil,14,0
7,X,99999.0,Unknown,23,1
8,John Doe,25000.0,Pakistan,21,1
9,Alice,1000000.0,USA,13,1
10,Test Account,7777.0,Test Region,18,1
11,User_357,15225.44,India,2,0
12,User_90,739.08,Russia,7,0
13,User_229,11290.76,Dark Web,9,1
14,User_1,13280.93,China,7,0
15,User_484,6606.81,Germany,20,0
16,User_159,13315.58,Nigeria,9,0
17,User_253,15972.75,Pakistan,22,0
18,User_342,8100.56,Test Region,17,1
19,User_336,576.96,Dark Web,22,1
20,User_84,5697.18,Test Region,1,1
21,User_294,4475.8,China,13,0
22,User_109,18536.23,Nigeria,15,1
23,User_352,7249.32,Germany,18,0
24,User_121,6402.1,Germany,21,0
25,User_109,4514.62,China,4,1
26,User_326,8426.26,Germany,4,1
27,User_107,8148.52,Brazil,8,0
28,User_225,18684.88,Dark Web,12,1
29,User_495,9970.83,Dark Web,8,1
30,User_6,4800.32,Brazil,11,0
31,User_192,15618.36,UK,11,0
32,User_413,15938.66,UK,7,1
33,User_458,12597.59,Pakistan,2,0
34,User_486,11904.37,Germany,14,0
35,User_432,987.03,UK,4,0
36,User_78,19117.32,Unknown,10,1
37,User_252,5304.0,Brazil,2,0
38,User_333,13743.69,Dark Web,21,1
39,User_112,14831.57,UK,8,1
40,User_469,4508.66,China,21,0
41,User_5,860.76,Brazil,7,0
42,User_133,2601.41,Nigeria,13,0
43,User_478,16859.81,Russia,8,1
44,User_204,10460.89,Test Region,16,1
45,User_139,2631.65,Dark Web,3,1
46,User_334,1163.81,Russia,18,1
47,User_51,11524.64,Test Region,22,1
48,User_201,19799.94,Russia,16,0
49,User_209,17551.74,USA,16,1
50,User_256,1749.59,India,20,0
51,User_327,13147.43,Pakistan,11,0
52,User_258,17382.33,India,12,0
53,User_200,6403.84,Nigeria,14,1
54,User_221,13770.68,Dark Web,3,1
55,User_328,5445.58,Test Region,8,1
56,User_51,18439.98,Unknown,15,1
57,User_410,19724.86,Germany,11,0
58,User_37,12980.55,Germany,17,1
59,User_251,14749.03,India,14,1
60,User_217,15654.3,Brazil,14,0
61,User_347,19673.5,Brazil,6,0
62,User_78,12273.94,Test Region,1,1
63,User_387,15100.14,USA,15,0
64,User_49,8346.05,USA,9,1
65,User_352,1757.15,UK,23,0
66,User_477,15824.86,UK,4,1
67,User_119,13833.55,Nigeria,19,0
68,User_77,9020.21,Germany,12,0
69,User_393,7004.66,Dark Web,2,1
70,User_445,17561.8,India,13,0
71,User_366,15043.8,India,0,0
72,User_204,64.92,India,3,1
73,User_214,16970.09,North Korea,20,0
74,User_366,1433.63,India,14,0
75,User_110,16774.76,Unknown,1,1
76,User_151,8143.99,Russia,9,0
77,User_146,10727.6,India,7,1
78,User_119,11165.53,Test Region,21,1
79,User_293,925.12,India,10,0
80,User_439,16087.52,Pakistan,14,1
81,User_242,13556.23,Nigeria,15,1
82,User_446,3835.83,India,12,0
83,User_353,10679.78,China,5,1
84,User_67,16915.11,UK,16,1
85,User_483,6212.77,Test Region,15,1
86,User_372,11946.98,Nigeria,10,1
87,User_74,1230.76,USA,0,0
88,User_102,19585.69,Test Region,21,1
89,User_70,15278.92,Brazil,6,0
90,User_365,16400.75,Brazil,22,0
91,User_256,6179.44,Germany,21,0
92,User_97,446.67,USA,6,0
93,User_176,9757.03,UK,10,1
94,User_71,6176.59,Brazil,4,1
95,User_112,19327.9,Pakistan,1,1
96,User_281,10070.72,Nigeria,19,1
97,User_185,1733.38,India,16,0
98,User_431,19118.21,USA,22,0
99,User_243,10441.14,Germany,18,0
100,User_390,12345.67,Dark Web,0,1
101,User_44,538.64,Test Region,22,1
102,User_106,2965.45,Test Region,10,0
103,User_339,3754.6,Test Region,22,1
104,User_399,18493.69,Russia,1,1
105,User_280,16119.72,North Korea,13,0
106,User_477,19439.27,North Korea,12,1
107,User_57,6487.92,Unknown,4,1
108,User_93,11462.59,North Korea,10,0
109,User_141,8625.27,Nigeria,14,1
110,User_212,12124.7,North Korea,12,1
111,User_309,1045.5,Test Region,3,1
112,User_473,14145.92,Russia,19,1
113,User_297,4247.08,Pakistan,8,0
114,User_298,17830.52,UK,0,0
115,User_485,12830.09,Russia,7,1
116,User_14,9143.99,India,10,0
117,User_274,117.7,Unknown,19,1
118,User_378,8125.48,Brazil,13,1
119,User_449,13885.96,China,2,1
120,User_324,9837.31,Test Region,14,1
121,User_430,17505.02,USA,10,0
122,User_85,12032.97,Germany,14,1
123,User_388,7265.39,Unknown,2,1
124,User_219,17421.99,Germany,3,0
125,User_307,19644.91,Germany,10,0
126,User_103,12330.31,Dark Web,10,1
127,User_130,17272.73,Unknown,17,1
128,User_343,5242.24,USA,2,0
129,User_180,13112.91,North Korea,10,1
130,User_157,16400.49,India,15,0
131,User_256,4831.9,USA,11,0
132,User_308,13325.65,Dark Web,7,1
133,User_316,570.88,Nigeria,1,0
134,User_310,18860.64,USA,12,1
135,User_62,19287.84,Pakistan,16,0
136,User_391,16473.14,Germany,6,0
137,User_138,4300.54,Russia,19,1
138,User_266,3488.51,Test Region,7,1
139,User_128,9066.2,Nigeria,8,1
140,User_325,19229.54,UK,0,0
141,User_254,3233.64,Nigeria,14,0
142,User_97,12070.47,China,12,1
143,User_89,4621.78,Nigeria,10,0
144,User_66,10780.14,India,0,0
145,User_363,13658.89,UK,19,0
146,User_36,16210.36,India,12,0
147,User_425,10127.43,Unknown,16,1
148,User_166,14977.7,UK,6,0
149,User_174,17268.54,China,8,0
150,User_40,403.52,China,1,0
151,User_62,12371.51,North Korea,0,0
152,User_460,19461.98,Brazil,5,0
153,User_27,5333.06,China,10,0
154,User_439,7336.91,Nigeria,13,0
155,User_82,7529.87,Pakistan,3,1
156,User_270,15912.04,North Korea,1,1
157,User_195,5459.24,Test Region,21,1
158,User_347,15411.23,India,14,0
159,User_126,18308.49,Russia,13,0
160,User_238,10711.99,Dark Web,7,1
161,User_145,19798.92,Germany,6,0
162,User_404,14890.76,UK,19,0
163,User_256,15203.25,Pakistan,21,1
164,User_448,3284.68,China,5,1
165,User_336,12571.64,Brazil,18,1
166,User_193,10460.45,Nigeria,1,1
167,User_133,14697.3,Germany,10,1
168,User_156,8281.34,Pakistan,12,0
169,User_102,12840.27,North Korea,15,1
170,User_442,10646.35,China,22,0
171,User_424,19272.02,India,15,0
172,User_106,18399.89,Dark Web,11,1
173,User_86,14960.89,Unknown,11,1
174,User_457,10071.99,India,21,1
175,User_408,11407.65,Unknown,21,1
176,User_429,2143.43,Russia,18,0
177,User_11,7609.64,China,5,1
178,User_39,17647.91,Unknown,11,1
179,User_312,177.22,Unknown,10,1
180,User_330,5516.63,North Korea,21,1
181,User_235,14052.98,Dark Web,3,1
182,User_87,3786.86,North Korea,23,1
183,User_88,18468.88,North Korea,18,1
184,User_284,9299.85,Brazil,6,1
185,User_146,19606.05,Unknown,12,1
186,User_276,18913.17,Dark Web,2,1
187,User_491,418.99,Brazil,14,0
188,User_400,7749.28,Test Region,21,1
189,User_381,6385.44,Nigeria,14,1
190,User_100,14720.13,Test Region,21,1
191,User_426,12695.17,UK,19,1
192,User_467,10837.44,Dark Web,3,1
193,User_458,9894.29,Test Region,11,1
194,User_283,17589.75,North Korea,20,1
195,User_180,195.03,UK,23,0
196,User_100,18676.09,North Korea,6,0
197,User_323,11096.92,Nigeria,5,1
198,User_3,3421.57,India,20,0
199,User_260,4405.7,Russia,0,0
200,User_367,8828.76,India,6,0
201,User_228,3631.25,UK,7,0
202,User_444,10676.99,Nigeria,19,1
203,User_282,15802.47,Unknown,14,1
204,User_170,12268.03,India,22,1
205,User_318,7863.77,Dark Web,20,1
206,User_102,8261.19,Dark Web,19,1
207,User_391,3630.09,Dark Web,18,1
208,User_251,5065.41,India,10,1
209,User_282,3094.15,Germany,1,0
210,User_178,9390.46,UK,5,0
211,User_132,14836.4,UK,14,0
212,User_124,10662.69,Germany,10,0
213,User_87,13564.21,Pakistan,0,0
214,User_43,2228.22,North Korea,6,0
215,User_458,13957.78,India,23,0
216,User_172,17283.06,Test Region,9,1
217,User_57,19584.89,Germany,7,0
218,User_112,13038.02,Test Region,6,1
219,User_387,9859.21,Pakistan,15,0
220,User_472,19597.33,Russia,15,0
221,User_119,5557.38,UK,0,0
222,User_418,7066.07,USA,11,0
223,User_477,17140.52,Germany,14,0
224,User_313,16454.97,India,14,0
225,User_446,5328.41,Test Region,21,1
226,User_80,1298.61,Dark Web,13,0
227,User_50,5962.44,Test Region,22,1
228,User_280,3748.11,Germany,13,0
229,User_268,17099.55,India,4,1
230,User_200,15318.58,Unknown,3,1
231,User_457,11483.41,Nigeria,7,0
232,User_206,5831.3,Test Region,4,1
233,User_299,18512.91,Test Region,19,1
234,User_461,5006.75,Russia,3,0
235,User_151,8861.35,UK,7,0
236,User_356,4992.98,Nigeria,4,0
237,User_195,1230.29,UK,1,0
238,User_206,16850.83,North Korea,7,1
239,User_72,17841.66,India,20,0
240,User_164,8686.15,Test Region,23,1
241,User_294,19986.04,Russia,14,1
242,User_349,5545.22,Brazil,20,0
243,User_444,16298.73,UK,5,0
244,User_436,14604.95,Russia,17,0
245,User_281,3746.26,Germany,1,0
246,User_51,14173.57,Germany,12,0
247,User_283,17728.86,North Korea,9,1
248,User_46,13690.68,Dark Web,13,1
249,User_418,15465.6,Pakistan,1,1
250,User_469,1285.45,Russia,0,0
251,User_331,18907.28,Nigeria,16,1
252,User_164,11089.38,India,6,0
253,User_25,16909.17,Unknown,7,1
254,User_441,14288.63,China,10,1
255,User_143,10241.79,UK,14,1
256,User_411,1820.97,USA,1,0
257,User_120,18001.57,Nigeria,19,0
258,User_493,10275.69,Unknown,21,1
259,User_468,10732.61,Brazil,2,0
260,User_245,7075.8,India,13,0
261,User_296,14908.03,Dark Web,5,1
262,User_191,16092.62,Dark Web,10,1
263,User_207,1690.79,Unknown,17,1
264,User_318,15612.0,Brazil,10,0
265,User_214,16821.02,Test Region,6,1
266,User_333,9850.94,Pakistan,5,1
267,User_57,19337.26,India,0,0
268,User_311,18368.31,India,7,0
269,User_344,11573.43,Germany,0,0
270,User_47,7273.3,Test Region,1,1
271,User_146,15388.97,India,23,0
272,User_420,8704.17,Germany,3,0
273,User_39,13913.67,Test Region,18,1
274,User_24,18677.01,Test Region,13,1
275,User_361,17531.33,Nigeria,20,0
276,User_98,6056.61,Nigeria,3,0
277,User_415,4371.59,North Korea,22,1
278,User_130,8134.59,Dark Web,17,1
279,User_107,13.82,UK,3,0
280,User_118,19320.61,Unknown,11,1
281,User_225,13908.35,USA,4,1
282,User_33,12239.51,North Korea,7,1
283,User_110,8272.74,Unknown,11,1
284,User_397,17240.5,Brazil,3,1
285,User_270,6197.56,Germany,8,1
286,User_393,1453.02,Brazil,14,0
287,User_167,14793.54,Brazil,13,0
288,User_328,272.63,North Korea,18,1
289,User_451,12741.33,China,5,0
290,User_253,11600.97,India,16,1
291,User_264,6832.55,Nigeria,13,1
292,User_467,19104.38,USA,15,0
293,User_144,10268.71,UK,8,0
294,User_203,5462.4,China,18,0
295,User_282,12976.09,Unknown,14,1
296,User_459,15903.33,North Korea,9,1
297,User_294,15964.78,Pakistan,22,1
298,User_409,2589.38,USA,12,0
299,User_155,19179.05,Dark Web,5,1
300,User_464,1299.31,Russia,9,0
301,User_379,8211.07,Unknown,11,0
302,User_30,15606.1,Germany,18,0
303,User_497,6145.45,India,15,0
304,User_493,15370.57,Russia,12,1
305,User_249,14198.9,USA,10,1
306,User_466,9128.49,Pakistan,12,0
307,User_96,10016.98,India,7,0
308,User_138,6628.79,North Korea,21,1
309,User_198,19320.65,Unknown,5,1
310,User_170,19179.47,North Korea,18,1
311,User_384,14281.51,Russia,18,1
312,User_340,14722.39,UK,22,0
313,User_198,17106.36,Dark Web,1,1
314,User_158,9226.23,Germany,20,0
315,User_483,10985.04,India,5,0
316,User_34,3366.65,UK,5,0
317,User_274,1304.36,Germany,17,0
318,User_365,13794.4,USA,14,1
319,User_354,18657.97,Germany,14,0
320,User_125,16527.54,Nigeria,17,0
321,User_15,5176.5,China,9,1
322,User_272,19456.95,China,14,0
323,User_236,8336.06,Test Region,1,1
324,User_469,1514.53,Nigeria,18,0
325,User_31,5840.77,Brazil,13,0
326,User_69,955.24,Nigeria,11,1
327,User_488,6310.39,Dark Web,9,1
328,User_69,16855.77,Nigeria,6,0
329,User_125,19368.17,Dark Web,15,1
330,User_107,6156.63,Unknown,15,1
331,User_96,18635.44,USA,10,1
332,User_153,10876.94,Dark Web,18,1
333,User_195,14115.66,Dark Web,21,1
334,User_380,6596.66,North Korea,7,1
335,User_168,17040.26,China,1,1
336,User_362,9522.05,Unknown,17,1
337,User_429,8349.93,India,22,0
338,User_402,9571.79,UK,17,0
339,User_358,10536.85,Brazil,11,1
340,User_430,10081.01,USA,23,0
341,User_195,16470.71,Germany,18,0
342,User_316,11747.06,Nigeria,6,0
343,User_467,12069.73,Unknown,6,1
344,User_304,2550.13,Brazil,16,0
345,User_390,4314.85,North Korea,1,1
346,User_161,13266.92,Germany,5,0
347,User_35,6037.07,Brazil,7,0
348,User_97,8910.37,Test Region,11,1
349,User_156,10316.88,UK,7,0
350,User_333,6133.24,Pakistan,7,1
351,User_132,19905.63,Nigeria,0,0
352,User_375,1353.38,India,12,0
353,User_78,13022.63,Test Region,2,1
354,User_433,14550.78,North Korea,3,1
355,User_173,15307.04,USA,18,0
356,User_369,18655.85,China,23,0
357,User_49,18387.97,USA,13,0
358,User_23,2757.38,Test Region,5,1
359,User_121,6998.35,Dark Web,22,1
360,User_145,14880.66,Nigeria,10,0
361,User_242,8653.92,Dark Web,18,1
362,User_464,4535.37,Dark Web,23,0
363,User_86,451.17,Dark Web,22,1
364,User_24,4867.07,Russia,15,1
365,User_471,7744.86,Test Region,6,1
366,User_131,12007.92,Nigeria,4,1
367,User_108,7879.27,India,13,1
368,User_75,2655.74,Russia,1,0
369,User_369,10652.06,Pakistan,12,0
370,User_266,15020.82,Test Region,16,1
371,User_252,10911.17,USA,15,1
372,User_465,494.27,Brazil,4,0
373,User_195,18805.63,Dark Web,2,1
374,User_58,2564.58,Nigeria,15,1
375,User_70,5772.16,Brazil,7,0
376,User_256,19701.98,Russia,9,1
377,User_15,12019.62,Unknown,2,1
378,User_349,9994.25,North Korea,15,0
379,User_10,3424.03,Nigeria,20,0
380,User_135,16017.8,UK,15,0
381,User_378,9158.63,Nigeria,15,1
382,User_353,9126.48,Nigeria,21,1
383,User_362,11614.29,Unknown,17,1
384,User_179,10090.74,Germany,14,0
385,User_361,14185.27,Test Region,15,1
386,User_141,5722.92,Test Region,17,1
387,User_398,16710.15,North Korea,14,1
388,User_338,2491.48,Russia,23,0
389,User_298,19709.97,China,17,1
390,User_123,4653.34,Germany,13,0
391,User_148,14744.67,China,12,1
392,User_39,1346.74,USA,4,0
393,User_16,3126.13,Germany,8,0
394,User_101,9070.67,Test Region,18,1
395,User_27,9120.24,USA,18,0
396,User_81,9235.34,USA,19,0
397,User_299,18343.0,Unknown,19,0
398,User_256,7740.33,Brazil,13,1
399,User_402,13818.92,USA,3,1
400,User_80,14149.39,Unknown,7,1
401,User_35,19791.41,Germany,0,0
402,User_335,691.9,China,7,1
403,User_142,13574.95,Germany,14,0
404,User_148,18068.86,Dark Web,8,1
405,User_44,18741.03,Dark Web,23,1
406,User_189,689.11,Nigeria,21,0
407,User_30,4905.49,Dark Web,19,1
408,User_39,8198.03,Test Region,11,1
409,User_394,9640.63,Dark Web,5,1
410,User_257,2846.24,Unknown,7,1
411,User_341,2852.24,Test Region,9,1
412,User_318,19588.23,Pakistan,0,1
413,User_135,1577.52,Unknown,16,1
414,User_24,4209.54,USA,22,0
415,User_247,12139.52,Brazil,0,0
416,User_2,3083.23,UK,8,0
417,User_74,16228.79,UK,10,1
418,User_161,14463.77,Pakistan,0,1
419,User_263,14867.15,Dark Web,6,1
420,User_422,5333.46,Dark Web,23,1
421,User_412,9230.01,India,5,0
422,User_352,6949.4,Pakistan,3,1
423,User_429,13154.04,USA,12,1
424,User_321,7519.54,Unknown,19,0
425,User_273,19580.53,Germany,16,0
426,User_242,1507.93,Test Region,15,1
427,User_485,10222.14,Nigeria,0,0
428,User_433,8623.26,USA,21,0
429,User_368,9669.82,USA,3,1
430,User_307,15561.89,Test Region,4,1
431,User_251,17327.25,Pakistan,15,0
432,User_355,10754.3,Nigeria,16,1
433,User_156,14627.22,Unknown,1,1
434,User_236,1696.76,Unknown,3,0
435,User_64,7838.24,Nigeria,3,1
436,User_100,12679.09,India,0,1
437,User_484,18230.24,China,0,1
438,User_201,9579.93,Test Region,3,1
439,User_226,15944.71,North Korea,6,0
440,User_395,10988.81,Test Region,5,1
441,User_423,12513.57,China,15,0
442,User_435,5436.79,Russia,21,1
443,User_216,6825.69,Unknown,22,1
444,User_65,12715.26,Test Region,19,1
445,User_449,16684.8,UK,10,0
446,User_52,3877.41,China,18,1
447,User_72,1523.92,Unknown,9,1
448,User_34,8189.94,Russia,18,0
449,User_115,4225.28,North Korea,10,0
450,User_277,5339.1,UK,2,1
451,User_169,12553.0,UK,4,0
452,User_54,9115.54,Test Region,15,1
453,User_34,1831.14,North Korea,15,1
454,User_377,18220.82,Germany,5,1
455,User_371,7010.2,Dark Web,0,1
456,User_320,7761.29,UK,8,1
457,User_457,4648.42,USA,20,0
458,User_145,16448.11,China,7,0
459,User_449,3491.08,Pakistan,10,0
460,User_200,13572.5,Germany,8,0
461,User_347,19044.26,USA,10,0
462,User_418,10861.49,Russia,4,1
463,User_166,1694.5,India,12,0
464,User_55,4102.2,Russia,12,1
465,User_281,18959.86,China,20,1
466,User_95,2684.29,Dark Web,9,1
467,User_404,12673.05,Brazil,6,0
468,User_363,16836.08,Germany,12,0
469,User_151,4912.99,India,1,1
470,User_164,14183.3,UK,3,0
471,User_408,1597.14,North Korea,15,1
472,User_277,7501.73,Test Region,16,1
473,User_141,1553.7,Test Region,8,1
474,User_13,9141.26,Unknown,6,1
475,User_178,3684.05,North Korea,16,1
476,User_96,8237.63,USA,11,0
477,User_116,6785.65,Dark Web,6,1
478,User_197,18103.11,Brazil,1,1
479,User_10,1711.76,Pakistan,18,0
480,User_373,12686.21,UK,8,0
481,User_157,7973.96,Test Region,17,1
482,User_217,18734.79,North Korea,22,1
483,User_278,16271.35,Nigeria,0,0
484,User_36,10047.84,Russia,20,1
485,User_353,12837.66,Russia,20,1
486,User_268,1574.07,Dark Web,12,1
487,User_470,14239.75,Test Region,0,1
488,User_484,16077.61,Brazil,17,0
489,User_100,3324.03,UK,14,0
490,User_370,3909.25,Pakistan,7,0
491,User_81,7750.37,Unknown,15,1
492,User_51,5505.59,Pakistan,14,0
493,User_329,14289.78,Test Region,1,1
494,User_197,1219.05,China,22,0
495,User_246,10260.08,India,5,1
496,User_13,11706.83,Germany,13,0
497,User_468,9937.45,Russia,1,0
498,User_210,7517.54,Unknown,1,1
499,User_399,6521.7,Russia,10,1
500,User_238,65.01,Brazil,10,0
501,User_454,5569.02,UK,8,1
502,User_19,6294.15,USA,11,0
503,User_406,18319.59,China,17,0
504,User_149,758.86,North Korea,17,1
505,User_361,16840.5,Germany,1,0
506,User_336,19937.19,Nigeria,20,1
507,User_32,13938.08,North Korea,21,1
508,User_247,16481.8,North Korea,20,0
509,User_293,5978.69,Russia,19,1
510,User_371,2308.94,USA,7,0
511,User_94,2510.57,Unknown,12,1
512,User_422,2478.34,Russia,1,0
513,User_432,7603.54,India,17,0
514,User_461,5425.11,USA,4,0
515,User_30,13696.93,Pakistan,10,0
516,User_110,18382.45,Dark Web,0,1
517,User_212,14610.28,Brazil,6,0
518,User_42,19719.02,Pakistan,21,1
519,User_250,16064.79,Test Region,5,1
520,User_460,9556.0,India,7,1
521,User_222,10178.46,Pakistan,14,0
522,User_354,16538.05,Germany,22,0
523,User_426,2979.81,India,1,1
524,User_302,10176.51,Test Region,9,1
525,User_227,11752.23,Pakistan,4,1
526,User_178,14208.85,Pakistan,1,1
527,User_359,14096.39,Brazil,16,0
528,User_223,12151.95,Russia,5,1
529,User_32,2913.35,Pakistan,2,0
530,User_372,15642.32,Russia,11,1
531,User_52,18165.51,Pakistan,3,0
532,User_483,19954.86,Russia,7,1
533,User_52,17843.81,USA,9,1
534,User_489,3605.65,Pakistan,0,0
535,User_295,6485.95,China,19,0
536,User_161,3173.99,USA,19,0
537,User_138,10706.35,China,23,1
538,User_225,7405.34,Brazil,2,0
539,User_296,19431.57,India,0,0
540,User_64,10558.75,Unknown,11,1
541,User_310,12508.6,UK,18,0
542,User_137,14056.7,Pakistan,16,0
543,User_491,10576.42,Germany,14,0
544,User_77,13167.72,Dark Web,15,1
545,User_214,18491.04,Unknown,5,0
546,User_36,16031.03,Dark Web,20,1
547,User_315,10028.32,Germany,20,0
548,User_440,13837.16,USA,1,0
549,User_201,12411.11,Test Region,21,1
550,User_244,8193.57,Brazil,19,1
551,User_2,15969.0,Russia,17,1
552,User_338,6644.71,North Korea,3,1
553,User_30,5863.13,Germany,23,1
554,User_182,2601.2,Russia,8,1
555,User_98,11236.38,UK,22,0
556,User_144,10375.61,Nigeria,9,0
557,User_466,11481.08,Germany,21,0
558,User_276,4811.08,Germany,23,0
559,User_407,13915.36,India,16,0
560,User_409,13912.62,USA,18,0
561,User_452,18109.92,Brazil,20,1
562,User_387,19294.06,UK,5,1
563,User_141,4130.79,North Korea,18,1
564,User_484,3086.89,Nigeria,1,0
565,User_347,8022.92,India,2,1
566,User_415,9088.31,Unknown,15,1
567,User_288,14980.67,Brazil,2,1
568,User_467,5440.34,China,15,0
569,User_196,7816.08,Dark Web,11,1
570,User_459,503.26,Germany,16,0
571,User_248,16228.67,Test Region,20,1
572,User_416,7612.82,UK,16,0
573,User_494,19533.91,Pakistan,3,1
574,User_499,9271.71,USA,9,0
575,User_169,16031.32,Nigeria,4,0
576,User_337,9393.05,Test Region,16,1
577,User_187,12250.72,Russia,0,0
578,User_433,3964.12,Dark Web,10,1
579,User_180,16213.85,Brazil,3,0
580,User_415,3289.52,Test Region,23,1
581,User_278,14048.8,India,20,0
582,User_71,18285.93,India,8,1
583,User_376,13571.99,Dark Web,18,1
584,User_214,1157.08,UK,22,0
585,User_154,7476.31,North Korea,22,0
586,User_363,15196.91,Pakistan,7,0
587,User_143,8174.03,North Korea,7,1
588,User_291,17789.95,Test Region,17,1
589,User_414,6047.66,Pakistan,11,0
590,User_349,6105.8,USA,23,0
591,User_312,6783.3,China,12,0
592,User_365,1854.66,Brazil,12,0
593,User_112,18861.92,Brazil,2,0
594,User_424,19726.62,Pakistan,13,1
595,User_188,16640.67,Germany,16,0
596,User_354,7620.01,Brazil,0,0
597,User_447,9313.18,Nigeria,11,1
598,User_37,19676.32,North Korea,3,0
599,User_458,14197.09,Pakistan,10,1
600,User_463,9446.16,India,6,1
601,User_147,16457.54,India,8,0
602,User_278,5733.24,Brazil,19,0
603,User_18,18602.22,Pakistan,8,1
604,User_402,13281.9,Germany,19,0
605,User_323,18721.31,Dark Web,4,1
606,User_106,12681.28,Germany,20,1
607,User_405,17843.68,China,1,1
608,User_487,7633.14,Unknown,20,0
609,User_63,7641.39,USA,15,0
610,User_333,8914.64,Brazil,14,1
611,User_260,13132.97,Unknown,15,0
612,User_402,1496.68,Unknown,8,1
613,User_488,4967.02,Russia,4,1
614,User_496,3855.21,UK,23,0
615,User_223,10899.71,Unknown,4,0
616,User_58,17860.5,USA,5,1
617,User_145,3475.24,Unknown,14,0
618,User_84,4489.94,Dark Web,2,1
619,User_294,10493.24,UK,23,0
620,User_159,7513.1,UK,2,1
621,User_216,2827.54,Unknown,12,0
622,User_230,4056.12,Dark Web,21,1
623,User_126,4243.69,India,6,1
624,User_416,14049.52,Russia,7,0
625,User_71,5600.39,Unknown,6,1
626,User_115,16916.21,Nigeria,2,1
627,User_458,16303.62,Pakistan,15,0
628,User_367,1011.94,Brazil,1,0
629,User_193,12182.97,Russia,13,0
630,User_73,18318.17,North Korea,6,0
631,User_414,16279.3,North Korea,23,1
632,User_243,1852.71,UK,21,0
633,User_134,8567.75,Germany,9,0
634,User_426,12309.46,India,1,1
635,User_96,11763.08,India,12,0
636,User_322,7392.96,UK,23,1
637,User_438,10986.37,Russia,17,0
638,User_263,14411.91,North Korea,9,0
639,User_291,14015.5,Dark Web,8,1
640,User_50,5745.73,Germany,17,1
641,User_144,436.06,Unknown,1,1
642,User_89,9366.97,Germany,8,0
643,User_334,13518.5,Russia,11,0
644,User_202,10832.62,North Korea,12,1
645,User_62,18810.75,Unknown,0,1
646,User_151,15758.93,Germany,2,0
647,User_267,5495.03,Nigeria,2,1
648,User_356,1975.15,UK,15,0
649,User_279,1165.82,Dark Web,16,1
650,User_391,18024.35,North Korea,20,1
651,User_379,6557.77,USA,19,0
652,User_381,14347.59,Russia,3,1
653,User_78,5555.26,North Korea,9,1
654,User_455,2931.96,Pakistan,19,0
655,User_192,10396.89,India,14,0
656,User_365,10492.21,Unknown,13,1
657,User_90,15950.16,USA,3,1
658,User_344,7657.96,North Korea,10,1
659,User_380,13040.24,North Korea,8,1
660,User_393,13063.17,Test Region,14,1
661,User_30,15049.77,North Korea,12,1
662,User_323,2576.67,Dark Web,21,1
663,User_5,17698.75,Nigeria,19,0
664,User_85,5731.74,China,23,1
665,User_155,16103.98,USA,4,0
666,User_207,4701.25,Test Region,10,0
667,User_44,7763.37,Test Region,11,1
668,User_106,3459.94,Nigeria,11,0
669,User_341,9740.12,Dark Web,16,1
670,User_113,11459.69,North Korea,0,1
671,User_472,4327.46,Test Region,13,0
672,User_432,17281.87,UK,8,0
673,User_244,2553.33,Russia,8,0
674,User_417,16970.25,Pakistan,18,1
675,User_312,11206.63,Test Region,21,1
676,User_303,5677.92,Russia,6,1
677,User_10,16739.79,Dark Web,11,1
678,User_201,11046.67,India,23,1
679,User_144,10093.83,Test Region,10,1
680,User_170,8362.86,North Korea,20,0
681,User_462,7160.2,Pakistan,3,0
682,User_409,2171.64,North Korea,11,0
683,User_419,14644.11,Dark Web,16,1
684,User_147,31.54,UK,17,0
685,User_8,14475.89,Brazil,9,0
686,User_58,10297.72,Brazil,17,0
687,User_447,7911.5,Test Region,1,1
688,User_96,7040.56,North Korea,11,1
689,User_139,17823.85,Dark Web,0,1
690,User_202,3124.7,India,19,0
691,User_445,12727.47,India,13,0
692,User_101,1384.1,Brazil,18,0
693,User_328,19790.33,Unknown,19,1
694,User_491,8697.86,UK,10,0
695,User_99,12090.77,Brazil,13,0
696,User_176,1156.98,Unknown,3,1
697,User_149,8599.89,UK,16,0
698,User_267,16422.18,Dark Web,7,1
699,User_59,10265.23,USA,14,0
700,User_461,7379.91,Brazil,6,1
701,User_266,13397.19,Russia,8,0
702,User_8,5665.11,North Korea,11,1
703,User_494,15802.48,Test Region,18,1
704,User_177,13020.39,USA,10,0
705,User_352,5368.31,Pakistan,16,0
706,User_455,3370.57,China,22,0
707,User_251,11640.01,UK,19,0
708,User_469,17940.93,China,20,0
709,User_302,18988.29,Russia,22,1
710,User_150,8856.13,USA,11,0
711,User_183,12469.61,Unknown,17,1
712,User_373,9599.2,Germany,19,0
713,User_380,18126.09,Germany,18,0
714,User_482,19758.41,UK,5,0
715,User_467,11480.95,Nigeria,7,1
716,User_297,17578.27,North Korea,2,1
717,User_64,7560.06,Test Region,6,1
718,User_389,10806.62,Dark Web,15,1
719,User_393,3311.68,Dark Web,16,0
720,User_207,6753.49,USA,17,1
721,User_221,11202.0,Nigeria,4,1
722,User_20,13970.45,Nigeria,23,0
723,User_392,15400.3,Test Region,5,1
724,User_47,1002.15,Unknown,1,1
725,User_263,6387.16,Dark Web,19,1
726,User_441,11542.61,India,22,0
727,User_48,17644.84,Pakistan,8,1
728,User_202,17038.11,North Korea,12,1
729,User_120,13467.19,UK,8,0
730,User_472,2743.18,North Korea,10,0
731,User_190,1301.72,Nigeria,16,1
732,User_183,13325.47,USA,21,0
733,User_473,10473.82,China,20,0
734,User_177,4213.15,Nigeria,8,1
735,User_16,4524.41,Pakistan,1,0
736,User_248,17757.01,Brazil,3,1
737,User_23,6859.43,Nigeria,2,0
738,User_111,7307.71,UK,21,0
739,User_28,5613.65,UK,20,0
740,User_343,17653.45,UK,9,0
741,User_429,6135.33,China,11,0
742,User_369,9187.3,Russia,11,0
743,User_379,6572.87,India,22,0
744,User_83,8318.26,China,10,0
745,User_239,15291.94,Dark Web,11,1
746,User_313,16925.93,Nigeria,6,1
747,User_3,17580.5,Test Region,21,1
748,User_257,1234.43,Russia,22,1
749,User_40,12810.0,USA,4,0
750,User_168,7524.18,Nigeria,13,0
751,User_168,7806.15,Dark Web,23,1
752,User_270,8671.77,Dark Web,14,1
753,User_170,4261.17,Brazil,1,0
754,User_319,18716.41,China,17,1
755,User_157,18852.43,Dark Web,15,1
756,User_442,10066.52,Pakistan,0,1
757,User_478,14371.64,China,5,1
758,User_403,13971.28,USA,21,0
759,User_151,3489.41,Germany,5,0
760,User_312,4126.87,Germany,9,0
761,User_206,11433.04,Dark Web,4,1
762,User_112,14537.45,India,6,0
763,User_217,20.94,USA,19,0
764,User_289,14642.12,Pakistan,7,0
765,User_152,18823.18,UK,14,1
766,User_465,6696.76,Pakistan,10,0
767,User_372,15740.51,Pakistan,7,1
768,User_431,457.01,Unknown,22,1
769,User_60,14425.91,China,22,1
770,User_446,61.12,Test Region,3,1
771,User_177,5823.11,North Korea,21,0
772,User_331,11034.45,Germany,15,0
773,User_95,2469.06,India,1,0
774,User_343,13393.85,UK,13,0
775,User_46,14202.79,Unknown,13,0
776,User_482,8514.68,UK,16,1
777,User_492,755.12,USA,18,0
778,User_168,9821.08,Dark Web,14,1
779,User_6,8188.25,China,13,1
780,User_103,12587.1,Brazil,23,0
781,User_413,1145.95,Unknown,2,0
782,User_34,18396.75,Pakistan,10,1
783,User_401,6126.58,Russia,23,1
784,User_61,5508.61,India,22,0
785,User_147,18554.96,Brazil,19,0
786,User_78,15106.01,Test Region,17,1
787,User_490,10855.41,China,14,0
788,User_355,15760.45,Test Region,1,1
789,User_398,7802.77,Russia,8,0
790,User_31,12733.85,Pakistan,2,1
791,User_213,19613.26,Russia,2,0
792,User_206,475.54,Russia,4,0
793,User_236,11390.02,Dark Web,19,1
794,User_436,10810.89,Unknown,18,1
795,User_25,7793.96,Test Region,2,1
796,User_402,18466.34,China,4,1
797,User_390,10920.91,Brazil,21,0
798,User_63,17801.59,Unknown,18,0
799,User_123,12705.96,North Korea,9,1
800,User_455,7052.08,Dark Web,13,1
801,User_69,15547.28,UK,2,0
802,User_183,11850.67,Nigeria,22,1
803,User_173,5624.75,Germany,17,0
804,User_459,6251.98,Nigeria,13,1
805,User_26,10634.8,India,17,0
806,User_427,19808.0,India,14,0
807,User_49,6146.27,Germany,22,0
808,User_149,5016.35,USA,2,1
809,User_344,12032.16,UK,11,0
810,User_296,10899.06,China,3,1
811,User_381,10061.83,Test Region,23,1
812,User_408,9201.61,China,19,0
813,User_340,17259.75,China,22,0
814,User_266,7747.88,India,3,0
815,User_255,15706.57,UK,19,0
816,User_388,3315.92,UK,23,0
817,User_50,17930.3,USA,8,1
818,User_193,16935.76,India,4,0
819,User_24,333.58,Brazil,15,0
820,User_11,13129.45,India,4,0
821,User_353,3428.7,Brazil,21,0
822,User_190,17645.08,Brazil,2,0
823,User_209,15859.08,Pakistan,22,0
824,User_319,2471.1,China,21,0
825,User_79,4500.69,Test Region,16,1
826,User_144,9692.28,North Korea,16,0
827,User_149,19028.08,Unknown,17,1
828,User_202,19490.26,Dark Web,3,1
829,User_120,5198.82,USA,0,0
830,User_494,4888.43,India,11,0
831,User_198,12053.86,Germany,16,0
832,User_480,9749.69,Test Region,12,1
833,User_29,11157.67,Test Region,9,1
834,User_82,4713.8,China,18,0
835,User_200,16491.63,USA,12,1
836,User_128,2056.07,Unknown,17,0
837,User_273,6562.86,Pakistan,0,1
838,User_24,13865.78,India,20,0
839,User_72,9089.45,USA,1,0
840,User_403,6969.71,India,4,1
841,User_312,10972.5,Dark Web,10,1
842,User_343,14921.0,Unknown,2,1
843,User_108,16882.03,Dark Web,8,1
844,User_284,7219.43,China,13,0
845,User_226,5490.89,Test Region,5,1
846,User_221,7647.56,Pakistan,19,1
847,User_315,16499.75,Test Region,17,1
848,User_315,2117.15,China,19,0
849,User_369,9731.46,Unknown,12,0
850,User_11,8875.14,Germany,22,0
851,User_144,6573.75,Russia,7,1
852,User_482,3891.97,USA,12,0
853,User_128,1406.61,Nigeria,4,1
854,User_390,12117.79,Brazil,12,0
855,User_18,7741.06,Pakistan,18,0
856,User_53,12188.02,Nigeria,22,0
857,User_412,17013.64,UK,0,0
858,User_20,16254.73,USA,8,0
859,User_145,12801.82,Pakistan,5,1
860,User_296,19475.41,Russia,15,0
861,User_445,11798.22,India,2,1
862,User_237,5810.52,China,3,1
863,User_295,8721.58,USA,9,0
864,User_463,17362.1,Nigeria,4,1
865,User_53,10988.13,Pakistan,9,1
866,User_14,7632.22,North Korea,9,1
867,User_271,3226.52,Test Region,19,0
868,User_199,602.7,China,16,0
869,User_114,15770.61,Test Region,10,1
870,User_94,15556.31,Test Region,21,1
871,User_56,11289.86,China,15,0
872,User_363,2146.54,Nigeria,12,0
873,User_201,1930.33,Brazil,20,0
874,User_99,9427.72,Dark Web,18,1
875,User_456,12579.56,Pakistan,15,0
876,User_183,46.64,Russia,11,0
877,User_216,2059.48,China,4,0
878,User_352,10046.0,USA,20,1
879,User_392,2363.76,Unknown,9,1
880,User_247,15234.42,Pakistan,19,0
881,User_383,18849.19,USA,22,0
882,User_451,13079.23,India,23,0
883,User_25,9499.91,UK,18,0
884,User_135,1380.8,UK,19,0
885,User_247,1036.15,India,1,0
886,User_318,7973.15,Russia,15,1
887,User_200,673.04,China,11,0
888,User_339,14423.47,India,8,0
889,User_164,1202.67,Test Region,19,1
890,User_178,1413.28,Pakistan,16,0
891,User_296,9391.29,Pakistan,2,0
892,User_139,12791.32,China,14,0
893,User_23,469.75,India,17,0
894,User_70,17843.02,Pakistan,23,1
895,User_214,8141.6,Brazil,3,0
896,User_214,1934.52,Russia,4,0
897,User_170,12910.0,UK,23,0
898,User_334,6536.72,Dark Web,4,1
899,User_430,15438.21,Brazil,15,0
900,User_176,10779.4,Russia,5,1
901,User_54,9061.95,USA,17,0
902,User_317,10361.58,Germany,8,0
903,User_440,604.16,Brazil,17,0
904,User_83,5600.05,Brazil,6,1
905,User_147,13163.75,Brazil,2,0
906,User_101,6071.58,Unknown,16,1
907,User_268,8942.45,India,16,0
908,User_422,3863.85,Unknown,21,1
909,User_76,8551.62,China,16,1
910,User_298,14543.59,Germany,3,0
911,User_463,8118.45,Brazil,11,1
912,User_492,19974.52,China,14,0
913,User_172,8786.58,Germany,22,0
914,User_98,12846.45,Brazil,13,0
915,User_130,58.38,Germany,15,0
916,User_133,15594.4,Russia,16,0
917,User_263,11040.9,India,1,0
918,User_220,12462.42,Brazil,11,0
919,User_62,19112.39,Brazil,3,0
920,User_337,15478.86,UK,23,0
921,User_82,16682.86,Test Region,6,1
922,User_418,5982.33,Unknown,16,1
923,User_402,9024.22,Brazil,21,0
924,User_213,10178.33,Brazil,3,0
925,User_467,15874.37,UK,6,0
926,User_305,129.5,Pakistan,15,1
927,User_5,3507.47,Unknown,17,1
928,User_222,11010.88,Dark Web,19,1
929,User_183,8851.88,UK,18,0
930,User_486,9003.05,Russia,11,0
931,User_261,17919.33,Dark Web,8,1
932,User_228,9528.5,Germany,14,0
933,User_14,2057.07,Nigeria,1,1
934,User_261,3435.82,China,20,0
935,User_387,8310.11,UK,19,0
936,User_407,8349.02,China,21,1
937,User_399,13919.88,Test Region,4,1
938,User_150,9052.75,USA,12,0
939,User_378,19413.69,Russia,5,1
940,User_458,4170.06,USA,7,0
941,User_387,9557.78,Dark Web,7,1
942,User_449,9783.01,UK,1,0
943,User_353,19354.77,Nigeria,14,0
944,User_453,11892.39,UK,13,0
945,User_28,12181.61,China,19,0
946,User_347,2748.47,Unknown,18,0
947,User_334,13345.71,North Korea,4,1
948,User_9,14626.96,Russia,6,1
949,User_125,9409.15,USA,11,0
950,User_253,8787.19,China,11,0
951,User_214,18294.77,Test Region,1,1
952,User_374,14520.75,China,5,1
953,User_109,7128.81,China,6,1
954,User_181,1988.43,USA,14,0
955,User_416,12616.47,USA,16,1
956,User_340,6569.49,China,7,1
957,User_52,15709.47,Nigeria,11,0
958,User_73,4822.95,UK,22,0
959,User_18,19585.11,North Korea,18,1
960,User_329,10640.33,China,11,1
961,User_113,10128.21,Unknown,12,0
962,User_24,2898.62,UK,16,0
963,User_73,16774.51,North Korea,8,1
964,User_386,15669.38,Brazil,1,1
965,User_468,13985.67,Pakistan,21,0
966,User_320,3424.47,India,2,0
967,User_491,5447.53,Unknown,13,1
968,User_478,2340.09,Germany,22,0
969,User_255,1520.35,Nigeria,22,1
970,User_495,13113.66,Russia,7,1
971,User_209,7365.85,Brazil,18,0
972,User_61,9708.64,Unknown,8,1
973,User_369,6935.65,Germany,21,0
974,User_492,11672.07,India,14,1
975,User_38,11889.07,UK,0,0
976,User_413,10948.62,Nigeria,8,0
977,User_211,12241.98,UK,3,0
978,User_139,18706.55,Unknown,21,0
979,User_22,14024.92,Unknown,13,0
980,User_268,14275.31,Test Region,20,1
981,User_102,6456.96,India,12,0
982,User_439,7027.33,North Korea,12,1
983,User_353,15073.51,China,20,0
984,User_362,10886.75,India,4,0
985,User_457,16169.57,Nigeria,4,1
986,User_301,9710.05,China,12,1
987,User_147,13771.21,Pakistan,19,0
988,User_58,13807.42,USA,10,0
989,User_455,3229.72,Russia,22,1
990,User_405,10853.83,Pakistan,17,1
991,User_396,9527.45,UK,4,0
992,User_224,9002.73,Brazil,15,1
993,User_407,15424.6,Russia,23,0
994,User_232,9617.32,USA,7,0
995,User_490,5002.26,Dark Web,17,1
996,User_335,1134.95,Unknown,0,1
997,User_135,2619.99,Test Region,9,0
998,User_14,18314.32,USA,12,0
999,User_428,17076.29,Dark Web,1,1
1000,User_25,10316.6,China,0,0
1001,User_438,17931.15,Unknown,6,1
1002,User_254,13754.5,Brazil,20,0
1003,User_467,6658.1,Pakistan,18,0
1004,User_19,2600.94,Nigeria,0,0
1005,User_295,15567.28,UK,5,0
1006,User_140,14939.55,Test Region,9,1
1007,User_496,10685.58,Dark Web,0,1
1008,User_81,4351.48,Russia,13,1
1009,User_28,14766.4,USA,3,0
1010,User_228,4197.57,India,6,0
1011,User_9,16115.2,UK,3,0
1012,User_79,5533.9,Germany,11,0
1013,User_122,1975.96,Pakistan,14,0
1014,User_168,2218.68,Russia,2,1
1015,User_194,19751.75,Germany,8,0
1016,User_331,11563.83,Unknown,5,1
1017,User_355,11126.72,Russia,1,1
1018,User_47,19315.08,Russia,21,0
1019,User_496,1160.67,Dark Web,23,1
1020,User_28,3275.04,Germany,3,0
1021,User_342,7664.54,North Korea,11,1
1022,User_192,15411.63,Germany,15,1
1023,User_236,9910.61,India,4,0
1024,User_379,2926.88,Brazil,16,1
1025,User_450,13374.12,Nigeria,7,0
1026,User_134,7803.95,Dark Web,0,1
1027,User_79,8570.09,North Korea,12,1
1028,User_474,11584.43,Brazil,5,0
1029,User_474,243.78,Dark Web,7,1
1030,User_19,15534.0,Test Region,14,1
1031,User_326,17568.21,USA,16,0
1032,User_81,864.25,India,7,1
1033,User_490,9388.02,Brazil,4,0
1034,User_407,1909.81,UK,2,0
1035,User_287,4568.84,Dark Web,3,1
1036,User_415,19359.28,China,13,1
1037,User_396,11484.46,Nigeria,2,0
1038,User_71,17176.62,Test Region,19,1
1039,User_356,12074.82,India,15,0
1040,User_221,7965.69,China,7,0
1041,User_444,17081.34,UK,3,1
1042,User_500,6669.91,Germany,0,0
1043,User_495,538.56,North Korea,4,0
1044,User_444,11486.25,USA,22,0
1045,User_385,17480.58,Nigeria,3,1
1046,User_402,18706.19,Test Region,0,1
1047,User_313,6846.51,Russia,1,1
1048,User_220,17231.24,Unknown,20,1
1049,User_202,1449.75,China,17,0
1050,User_141,18509.32,Russia,3,0
1051,User_159,5878.63,Russia,7,0
1052,User_255,13843.84,Russia,19,0
1053,User_85,7577.56,Pakistan,0,0
1054,User_116,6327.17,Germany,3,0
1055,User_314,10606.32,Pakistan,11,1
1056,User_189,4293.29,Germany,5,0
1057,User_111,5787.68,North Korea,12,1
1058,User_254,9259.5,Dark Web,17,1
1059,User_127,15424.38,USA,12,0
1060,User_155,10596.01,China,21,0
1061,User_469,1336.43,Germany,14,0
1062,User_178,2648.81,Test Region,3,1
1063,User_264,14187.13,Pakistan,22,0
1064,User_396,18335.03,India,14,0
1065,User_63,4693.56,UK,6,0
1066,User_324,10106.59,Pakistan,2,0
1067,User_179,10604.69,USA,3,0
1068,User_104,5731.69,Test Region,12,1
1069,User_296,19022.73,India,9,0
1070,User_137,247.9,Dark Web,0,1
1071,User_461,4200.41,Unknown,1,1
1072,User_225,17035.34,North Korea,11,1
1073,User_151,12502.39,Test Region,11,1
1074,User_303,9366.8,Germany,1,0
1075,User_419,3774.39,India,16,1
1076,User_280,18405.1,North Korea,21,0
1077,User_65,12496.02,India,18,0
1078,User_160,2119.52,USA,15,0
1079,User_137,11838.15,Germany,14,0
1080,User_38,3217.49,North Korea,22,1
1081,User_154,9632.67,Pakistan,17,0
1082,User_410,11720.85,Unknown,21,0
1083,User_154,6497.92,Unknown,8,1
1084,User_251,5638.06,UK,3,0
1085,User_158,8274.72,UK,20,0
1086,User_398,9139.63,Germany,8,0
1087,User_348,16136.74,Test Region,15,1
1088,User_22,13943.52,North Korea,9,0
1089,User_491,8881.75,Russia,8,1
1090,User_468,6654.18,Russia,5,1
1091,User_224,2815.98,Pakistan,17,1
1092,User_204,12031.11,Russia,7,0
1093,User_211,9953.92,Unknown,15,1
1094,User_302,2025.06,Germany,21,0
1095,User_134,813.63,Brazil,23,1
1096,User_181,11966.69,Unknown,4,1
1097,User_242,6474.39,Brazil,21,0
1098,User_201,13475.64,Unknown,14,0
1099,User_308,1252.48,Germany,15,0
1100,User_377,17951.59,India,6,0
1101,User_315,662.47,Nigeria,1,0
1102,User_273,14702.3,Pakistan,4,1
1103,User_411,15249.36,UK,18,0
1104,User_103,10375.1,Nigeria,22,0
1105,User_108,687.99,Test Region,9,1
1106,User_348,6635.65,Brazil,10,0
1107,User_467,13082.2,USA,0,0
1108,User_271,6312.56,India,0,0
1109,User_270,16770.97,China,0,0
1110,User_185,17000.29,India,8,1
1111,User_61,704.38,Germany,2,0
1112,User_152,4180.67,Brazil,5,0
1113,User_87,2723.02,Brazil,15,0
1114,User_356,9029.73,Brazil,21,0
1115,User_109,19870.13,Russia,3,1
1116,User_41,11336.23,India,21,0
1117,User_206,11910.49,Test Region,21,1
1118,User_426,8881.55,Russia,10,0
1119,User_138,319.04,Unknown,4,1
1120,User_39,17501.79,Test Region,3,1
1121,User_221,19170.64,Russia,19,0
1122,User_189,15410.52,Test Region,20,1
1123,User_270,8575.64,China,12,0
1124,User_322,12380.48,Russia,2,1
1125,User_197,19592.73,Russia,17,1
1126,User_262,2196.03,Pakistan,20,1
1127,User_415,8444.55,Germany,7,0
1128,User_460,926.38,China,23,0
1129,User_107,7824.65,Test Region,5,1
1130,User_232,15147.86,Brazil,13,0
1131,User_250,5908.07,Unknown,20,0
1132,User_273,4215.06,Test Region,5,1
1133,User_248,1561.38,Test Region,18,1
1134,User_180,8277.87,USA,5,0
1135,User_214,788.15,China,20,0
1136,User_463,10315.31,India,22,0
1137,User_49,12855.32,North Korea,14,1
1138,User_412,6319.24,Test Region,1,1
1139,User_268,5502.44,UK,14,0
1140,User_425,3817.21,Russia,21,0
1141,User_430,482.94,India,20,0
1142,User_449,1981.31,Russia,4,0
1143,User_81,7820.64,Unknown,2,0
1144,User_92,14314.13,Pakistan,15,0
1145,User_12,7916.46,Dark Web,11,1
1146,User_134,6337.83,Nigeria,19,1
1147,User_144,8786.18,Pakistan,16,0
1148,User_300,12586.89,Dark Web,19,1
1149,User_206,15461.69,Dark Web,21,1
1150,User_64,11719.52,Nigeria,16,1
1151,User_348,1480.95,Brazil,23,1
1152,User_370,11254.62,UK,22,0
1153,User_337,5470.18,China,2,0
1154,User_472,12199.95,Dark Web,23,1
1155,User_477,7105.13,North Korea,5,1
1156,User_151,3117.7,Germany,10,0
1157,User_275,3858.95,Dark Web,10,1
1158,User_152,15981.76,Germany,1,0
1159,User_18,16437.63,Germany,14,0
1160,User_30,8506.35,North Korea,4,0
1161,User_152,2111.86,Pakistan,16,0
1162,User_173,12391.25,China,0,1
1163,User_474,16128.7,North Korea,15,1
1164,User_223,10609.46,Unknown,8,1
1165,User_95,12082.03,Dark Web,15,1
1166,User_380,18678.24,Nigeria,10,0
1167,User_155,539.25,Test Region,5,1
1168,User_69,7267.04,USA,0,1
1169,User_229,12979.57,USA,20,0
1170,User_20,14812.18,India,21,0
1171,User_231,11718.4,Russia,11,0
1172,User_183,6714.33,Unknown,11,1
1173,User_486,19851.08,Unknown,18,1
1174,User_240,6006.8,Pakistan,9,0
1175,User_132,6375.58,India,21,1
1176,User_165,19444.33,UK,21,0
1177,User_298,13959.08,USA,20,0
1178,User_44,8778.55,Pakistan,3,1
1179,User_31,3624.27,North Korea,0,1
1180,User_109,18289.63,Dark Web,22,1
1181,User_458,7155.68,UK,6,0
1182,User_441,5507.49,Nigeria,2,1
1183,User_268,14284.12,Germany,6,0
1184,User_195,17360.44,Dark Web,22,1
1185,User_43,1370.18,UK,18,0
1186,User_342,8496.45,Russia,7,0
1187,User_348,10250.48,Pakistan,0,0
1188,User_40,416.87,Pakistan,23,1
1189,User_257,19931.32,UK,2,0
1190,User_121,11242.18,Germany,11,0
1191,User_40,17182.62,Pakistan,0,0
1192,User_98,4721.1,North Korea,19,1
1193,User_394,10278.39,Brazil,2,0
1194,User_230,447.65,Brazil,3,0
1195,User_5,5571.84,Nigeria,17,0
1196,User_250,2721.45,India,9,0
1197,User_113,15466.32,Test Region,23,1
1198,User_161,5256.55,Germany,23,1
1199,User_90,7242.99,Dark Web,10,1
1200,User_112,16783.01,Brazil,16,0
1201,User_327,3887.28,Dark Web,16,1
1202,User_201,17307.97,Unknown,8,1
1203,User_410,15466.21,China,17,0
1204,User_63,1971.34,Nigeria,21,0
1205,User_230,7433.57,USA,23,0
1206,User_19,8542.02,China,11,0
1207,User_164,18444.18,Test Region,22,1
1208,User_295,14980.12,USA,0,1
1209,User_230,18715.2,China,5,1
1210,User_125,17786.12,UK,17,0
1211,User_147,12795.31,Unknown,4,1
1212,User_382,14447.2,Test Region,0,1
1213,User_50,1852.73,India,12,0
1214,User_457,15620.26,Nigeria,15,1
1215,User_396,4945.55,USA,0,0
1216,User_395,4805.27,UK,23,0
1217,User_382,17588.12,China,15,1
1218,User_381,18968.95,India,16,1
1219,User_15,17343.45,Dark Web,21,1
1220,User_451,17690.34,Nigeria,0,0
1221,User_84,11747.35,Test Region,18,1
1222,User_355,19510.2,Nigeria,14,1
1223,User_179,16680.01,Dark Web,1,1
1224,User_99,5689.45,Brazil,15,1
1225,User_471,14427.33,India,10,1
1226,User_40,12109.18,Germany,16,1
1227,User_480,16781.91,Russia,15,1
1228,User_24,8932.27,Unknown,3,1
1229,User_170,17482.57,Test Region,4,1
1230,User_326,1387.1,Russia,15,1
1231,User_416,18714.62,Dark Web,5,1
1232,User_192,14990.75,Test Region,13,1
1233,User_185,8755.99,India,4,0
1234,User_16,2537.63,Nigeria,15,0
1235,User_457,3765.33,USA,10,0
1236,User_406,5834.01,India,21,0
1237,User_110,13656.57,Dark Web,0,1
1238,User_53,15638.65,Test Region,7,1
1239,User_87,16500.39,Test Region,16,1
1240,User_259,18884.08,Germany,8,0
1241,User_209,7993.37,Pakistan,4,1
1242,User_447,14209.21,Germany,21,0
1243,User_217,19133.86,India,15,0
1244,User_261,156.45,UK,14,0
1245,User_481,19843.74,Pakistan,3,0
1246,User_319,19901.71,Test Region,8,1
1247,User_351,19627.64,USA,6,0
1248,User_128,4163.49,Dark Web,16,1
1249,User_170,5933.79,North Korea,2,1
1250,User_373,11902.41,Test Region,18,1
1251,User_418,6418.94,India,11,1
1252,User_370,18546.96,China,19,0
1253,User_151,5150.57,Brazil,19,1
1254,User_236,11530.58,Unknown,2,1
1255,User_127,2798.88,Test Region,9,1
1256,User_114,12069.83,Test Region,20,1
1257,User_36,10369.23,Germany,8,0
1258,User_450,4322.67,Russia,10,0
1259,User_443,2302.42,India,16,0
1260,User_217,15578.07,Test Region,15,1
1261,User_341,10110.66,Unknown,10,1
1262,User_186,19393.37,Pakistan,2,1
1263,User_283,9261.58,China,12,1
1264,User_471,5961.21,Pakistan,20,0
1265,User_451,7078.25,North Korea,21,1
1266,User_30,15734.53,India,7,1
1267,User_264,16322.93,Unknown,12,1
1268,User_448,16853.46,Germany,9,0
1269,User_443,3104.04,Nigeria,4,0
1270,User_269,18706.44,UK,7,0
1271,User_222,5289.83,Nigeria,11,1
1272,User_300,429.31,North Korea,5,1
1273,User_342,3694.73,Pakistan,17,0
1274,User_445,16597.72,UK,14,0
1275,User_132,7172.46,Russia,20,1
1276,User_404,16686.56,North Korea,3,0
1277,User_314,7107.1,Nigeria,15,1
1278,User_431,883.45,North Korea,2,0
1279,User_104,15970.18,Brazil,16,1
1280,User_355,11926.48,UK,16,0
1281,User_166,264.11,Dark Web,2,1
1282,User_271,9753.53,Nigeria,18,1
1283,User_420,15694.55,USA,1,1
1284,User_462,18201.17,Russia,13,1
1285,User_498,2858.24,Unknown,16,1
1286,User_346,7216.78,Nigeria,9,1
1287,User_206,8476.24,North Korea,15,1
1288,User_265,15633.57,Pakistan,20,1
1289,User_67,2944.05,Russia,0,0
1290,User_220,19139.66,Germany,0,1
1291,User_467,200.81,India,4,0
1292,User_164,19739.17,Brazil,6,1
1293,User_410,5284.19,North Korea,0,1
1294,User_304,18530.87,UK,13,0
1295,User_290,3815.53,Pakistan,14,1
1296,User_43,1185.06,Dark Web,20,1
1297,User_297,11630.69,Pakistan,17,1
1298,User_164,2405.76,Germany,2,1
1299,User_15,12410.93,USA,13,0
1300,User_58,6483.02,North Korea,2,1
1301,User_433,15897.85,USA,2,0
1302,User_160,6740.19,Nigeria,20,1
1303,User_413,15092.04,Unknown,19,1
1304,User_175,2666.86,China,13,0
1305,User_122,4807.93,Nigeria,1,0
1306,User_330,11677.89,Test Region,20,1
1307,User_183,9104.71,Russia,2,0
1308,User_318,8688.81,India,4,1
1309,User_104,7527.33,Brazil,6,1
1310,User_178,9198.48,Test Region,0,1
1311,User_346,7456.54,Dark Web,5,1
1312,User_246,12497.66,Brazil,8,0
1313,User_116,15470.36,Russia,8,0
1314,User_146,8290.4,Pakistan,20,1
1315,User_365,5761.91,USA,14,0
1316,User_275,8619.84,UK,15,0
1317,User_250,9965.59,Test Region,23,1
1318,User_312,3445.63,India,1,0
1319,User_147,9823.6,Dark Web,11,1
1320,User_98,6415.51,China,21,0
1321,User_15,3897.88,Pakistan,0,0
1322,User_231,17587.37,Nigeria,18,1
1323,User_130,7100.66,USA,19,0
1324,User_203,106.68,UK,20,0
1325,User_17,968.46,Dark Web,13,1
1326,User_492,15729.65,North Korea,11,1
1327,User_338,16854.9,Russia,23,1
1328,User_152,17846.64,China,23,1
1329,User_27,4253.86,UK,1,0
1330,User_24,7369.03,Brazil,0,0
1331,User_280,14453.11,China,9,0
1332,User_59,17088.34,Test Region,10,1
1333,User_78,12384.15,USA,11,0
1334,User_206,12071.19,China,10,0
1335,User_75,19428.87,India,1,0
1336,User_257,1600.3,Nigeria,10,1
1337,User_278,15602.51,North Korea,17,1
1338,User_250,8158.09,China,6,0
1339,User_40,3417.11,Test Region,19,1
1340,User_394,15204.32,UK,7,0
1341,User_49,13093.37,China,10,1
1342,User_164,12552.63,Dark Web,6,1
1343,User_93,15543.47,Russia,14,0
1344,User_290,14781.18,China,13,0
1345,User_396,15552.49,North Korea,0,1
1346,User_4,15020.1,China,11,0
1347,User_444,876.98,Brazil,4,0
1348,User_356,16194.28,USA,7,0
1349,User_231,8832.23,Nigeria,10,1
1350,User_469,329.52,North Korea,7,0
1351,User_328,16612.82,Test Region,9,1
1352,User_452,15256.84,China,4,0
1353,User_68,2769.87,Pakistan,21,0
1354,User_467,5737.8,UK,6,0
1355,User_169,9428.06,UK,2,0
1356,User_457,611.33,Russia,5,1
1357,User_335,3862.21,Nigeria,6,1
1358,User_55,13660.94,North Korea,15,1
1359,User_216,12475.74,Pakistan,4,1
1360,User_397,16370.98,Germany,12,1
1361,User_348,159.13,UK,5,0
1362,User_346,16891.98,Germany,11,0
1363,User_268,14175.07,Dark Web,17,1
1364,User_459,11505.29,Dark Web,1,1
1365,User_306,7463.19,Unknown,2,1
1366,User_22,15797.4,Dark Web,17,1
1367,User_184,1412.61,Nigeria,11,0
1368,User_26,19975.14,Unknown,2,1
1369,User_191,16166.91,North Korea,19,1
1370,User_434,15347.78,India,21,1
1371,User_203,3418.0,Unknown,11,0
1372,User_239,3189.8,India,6,0
1373,User_33,16183.87,Russia,22,1
1374,User_211,2225.33,North Korea,14,0
1375,User_26,12430.28,Pakistan,17,0
1376,User_266,10842.99,North Korea,6,0
1377,User_425,11543.76,North Korea,0,0
1378,User_192,993.18,China,6,0
1379,User_160,2467.67,Germany,7,0
1380,User_477,7431.28,Test Region,9,1
1381,User_484,11047.77,India,14,1
1382,User_36,5659.85,India,22,0
1383,User_145,4517.6,Pakistan,8,0
1384,User_447,18058.64,UK,6,1
1385,User_385,11031.22,Unknown,7,1
1386,User_481,704.93,Russia,16,0
1387,User_306,8796.51,Germany,23,0
1388,User_362,8618.82,USA,9,0
1389,User_370,5702.43,Brazil,8,0
1390,User_302,7472.44,Unknown,0,1
1391,User_471,1179.61,North Korea,12,1
1392,User_234,6599.57,Russia,17,1
1393,User_3,6784.88,North Korea,0,0
1394,User_378,15486.17,UK,1,0
1395,User_26,2968.82,Unknown,8,0
1396,User_99,365.08,UK,18,0
1397,User_322,2680.08,China,21,0
1398,User_334,19279.6,USA,23,0
1399,User_273,14272.24,Brazil,20,0
1400,User_366,16577.09,India,22,0
1401,User_365,11252.37,India,3,0
1402,User_355,9478.94,India,11,0
1403,User_347,15356.85,Brazil,11,0
1404,User_365,5319.39,UK,22,0
1405,User_243,19497.06,China,18,0
1406,User_471,1525.07,Dark Web,12,1
1407,User_201,3685.5,UK,3,0
1408,User_487,9984.75,Unknown,13,0
1409,User_13,8979.16,Brazil,1,1
1410,User_302,16223.74,Germany,7,1
1411,User_219,14615.53,China,7,0
1412,User_94,9461.75,India,12,0
1413,User_435,9940.0,Brazil,20,0
1414,User_15,9112.32,Dark Web,11,1
1415,User_376,6594.39,Brazil,9,1
1416,User_110,13204.49,Pakistan,18,1
1417,User_475,16203.89,China,6,0
1418,User_361,7234.96,USA,9,0
1419,User_145,10169.36,Germany,6,0
1420,User_472,16374.39,India,10,0
1421,User_79,10423.73,India,18,0
1422,User_24,35.13,Russia,13,1
1423,User_65,4284.37,Pakistan,16,1
1424,User_370,3644.02,UK,6,0
1425,User_125,2709.69,China,16,0
1426,User_97,19578.09,Nigeria,14,0
1427,User_305,7165.77,Test Region,0,1
1428,User_62,13815.34,Dark Web,22,1
1429,User_249,16214.65,Germany,6,0
1430,User_171,2452.21,India,17,0
1431,User_28,9569.06,UK,1,0
1432,User_480,9581.96,North Korea,20,1
1433,User_494,14044.98,Test Region,10,1
1434,User_244,8275.48,Dark Web,2,1
1435,User_456,18303.81,Pakistan,11,1
1436,User_429,5373.89,USA,9,0
1437,User_283,11772.01,China,17,1
1438,User_304,12019.49,USA,4,0
1439,User_18,4168.66,Unknown,14,1
1440,User_363,868.77,UK,18,0
1441,User_38,4193.25,Pakistan,7,0
1442,User_252,14941.19,Pakistan,20,0
1443,User_5,9869.32,Test Region,21,1
1444,User_87,18726.47,North Korea,8,1
1445,User_359,2319.89,USA,0,0
1446,User_447,15804.82,Dark Web,19,1
1447,User_254,8012.63,Brazil,0,0
1448,User_416,10466.39,Russia,4,1
1449,User_283,13048.46,Brazil,13,0
1450,User_91,12716.09,Nigeria,2,1
1451,User_163,6950.36,Germany,3,0
1452,User_489,5809.85,China,22,0
1453,User_406,2916.76,Test Region,23,1
1454,User_52,14491.33,USA,15,1
1455,User_49,25.19,Dark Web,15,1
1456,User_29,6586.45,UK,22,0
1457,User_258,11464.74,India,18,0
1458,User_330,5769.32,Germany,21,0
1459,User_334,16113.07,Unknown,6,1
1460,User_127,9334.6,Russia,2,0
1461,User_491,18370.62,USA,9,0
1462,User_198,12662.05,Brazil,11,1
1463,User_227,3456.93,Unknown,14,0
1464,User_35,8578.03,Unknown,22,1
1465,User_31,6217.15,Pakistan,14,0
1466,User_399,15888.37,China,14,0
1467,User_67,5197.96,Russia,16,0
1468,User_259,14821.42,Unknown,17,1
1469,User_213,14972.09,UK,0,0
1470,User_75,18857.41,UK,23,0
1471,User_387,18827.52,North Korea,13,0
1472,User_466,14296.6,USA,19,0
1473,User_430,10226.58,China,12,0
1474,User_479,339.5,USA,7,0
1475,User_396,11675.32,UK,3,0
1476,User_186,11943.14,USA,23,0
1477,User_456,12064.47,India,12,0
1478,User_125,14557.35,UK,15,0
1479,User_60,15449.68,Germany,13,1
1480,User_234,17930.15,USA,3,1
1481,User_236,14894.17,Nigeria,17,0
1482,User_43,19020.95,Pakistan,17,1
1483,User_61,14844.76,India,4,0
1484,User_199,8317.31,Nigeria,19,1
1485,User_442,6745.26,Dark Web,1,1
1486,User_90,11207.07,Russia,1,0
1487,User_362,17451.64,Nigeria,11,1
1488,User_173,7956.26,Unknown,14,1
1489,User_198,15167.76,USA,14,0
1490,User_338,13708.81,Nigeria,13,1
1491,User_4,1810.02,USA,8,0
1492,User_41,4267.55,Russia,9,0
1493,User_4,9784.43,India,19,1
1494,User_467,18712.87,India,17,0
1495,User_72,5466.46,Brazil,12,0
1496,User_98,15477.99,Nigeria,12,0
1497,User_312,13801.32,Germany,0,0
1498,User_267,7470.32,Pakistan,20,0
1499,User_433,3177.95,Dark Web,7,1
1500,User_395,8663.17,UK,13,0
1501,User_11,9586.4,Russia,23,1
1502,User_277,16398.98,Dark Web,9,1
1503,User_481,10447.93,Russia,20,0
1504,User_454,6169.67,China,6,1
1505,User_42,10784.17,China,6,0
1506,User_368,18036.96,Pakistan,7,0
1507,User_365,8930.59,India,16,0
1508,User_300,6463.55,Dark Web,16,1
1509,User_369,7360.45,Pakistan,12,0
1510,User_97,18940.49,Nigeria,0,1
1511,User_227,2049.8,USA,7,0
1512,User_92,5604.11,Pakistan,17,0
1513,User_59,6883.12,Brazil,5,0
1514,User_463,5220.32,India,17,1
1515,User_247,18716.2,Brazil,5,0
1516,User_61,7300.71,UK,18,1
1517,User_25,15052.16,Test Region,10,1
1518,User_235,8320.44,Test Region,22,1
1519,User_438,13459.54,Germany,21,0
1520,User_480,14669.23,Pakistan,14,0
1521,User_320,9612.12,Pakistan,0,1
1522,User_420,547.27,UK,8,0
1523,User_262,217.41,Dark Web,11,1
1524,User_176,15088.37,Russia,0,1
1525,User_439,187.68,North Korea,7,0
1526,User_393,10716.4,Nigeria,15,1
1527,User_368,12049.62,Germany,6,0
1528,User_224,13668.68,Unknown,2,1
1529,User_156,7328.46,Brazil,20,0
1530,User_405,5958.3,Russia,4,0
1531,User_139,2979.6,Unknown,1,1
1532,User_497,19286.29,Nigeria,0,1
1533,User_107,3482.63,Brazil,15,1
1534,User_41,16237.8,China,12,0
1535,User_499,12892.1,North Korea,2,1
1536,User_312,7314.08,Russia,6,1
1537,User_212,16271.71,USA,21,1
1538,User_344,2886.34,UK,19,0
1539,User_425,1362.95,India,14,0
1540,User_357,12440.98,Pakistan,19,1
1541,User_257,2431.34,USA,21,0
1542,User_189,13819.44,North Korea,22,0
1543,User_414,16695.87,Brazil,9,0
1544,User_118,11435.36,Pakistan,5,1
1545,User_421,14773.66,North Korea,5,1
1546,User_41,12669.98,India,20,0
1547,User_284,4693.4,Unknown,1,0
1548,User_284,12302.97,Germany,5,0
1549,User_425,11557.16,Germany,0,0
1550,User_60,2245.64,Test Region,17,1
1551,User_370,2072.27,USA,16,0
1552,User_396,12553.18,Unknown,1,1
1553,User_418,3284.85,China,17,1
1554,User_15,13601.38,Germany,13,0
1555,User_483,12662.39,Pakistan,13,0
1556,User_480,635.57,Pakistan,6,0
1557,User_142,2549.2,Germany,23,0
1558,User_453,2674.14,UK,19,0
1559,User_434,12946.96,UK,10,0
1560,User_295,6885.59,Nigeria,17,0
1561,User_235,17.01,Pakistan,3,0
1562,User_106,172.82,UK,13,0
1563,User_38,16999.73,Germany,4,1
1564,User_370,8397.34,China,1,1
1565,User_386,1893.78,North Korea,12,1
1566,User_288,17564.2,Russia,22,0
1567,User_500,14096.39,Brazil,8,0
1568,User_474,1949.27,Dark Web,3,1
1569,User_86,18802.61,India,14,0
1570,User_211,3434.31,Unknown,19,1
1571,User_95,12675.64,Test Region,13,1
1572,User_182,2268.53,Pakistan,16,0
1573,User_135,15809.64,Pakistan,6,1
1574,User_493,1412.11,Brazil,7,0
1575,User_488,16365.95,Unknown,3,1
1576,User_271,1736.26,Nigeria,6,1
1577,User_192,10115.7,UK,9,1
1578,User_132,9903.87,Russia,13,1
1579,User_388,17956.85,India,10,1
1580,User_270,7389.08,India,12,0
1581,User_203,1375.68,Brazil,5,0
1582,User_285,8176.64,India,4,0
1583,User_411,7526.85,Russia,21,1
1584,User_424,18294.59,Unknown,7,1
1585,User_492,11051.77,Test Region,0,1
1586,User_132,10483.91,Dark Web,4,1
1587,User_316,16005.24,Dark Web,1,1
1588,User_193,12334.72,India,5,0
1589,User_131,2400.64,Dark Web,14,1
1590,User_70,14797.47,China,1,1
1591,User_430,6481.6,UK,7,0
1592,User_179,15137.15,North Korea,15,1
1593,User_270,7492.22,North Korea,15,1
1594,User_27,9724.19,Dark Web,1,1
1595,User_157,8745.12,UK,22,1
1596,User_210,14166.19,Germany,5,0
1597,User_437,18522.18,Dark Web,1,1
1598,User_329,4934.53,Brazil,17,0
1599,User_317,17158.24,Brazil,13,0
1600,User_458,3571.06,Unknown,16,1
1601,User_102,15557.69,Pakistan,21,1
1602,User_275,411.0,Dark Web,7,1
1603,User_29,11773.77,India,15,0
1604,User_77,4744.52,China,8,1
1605,User_482,9213.3,UK,20,0
1606,User_250,4272.85,China,13,1
1607,User_334,17793.17,Germany,7,1
1608,User_268,918.45,Unknown,3,1
1609,User_47,1680.19,India,0,0
1610,User_340,6226.03,Test Region,0,1
1611,User_98,12119.68,China,8,0
1612,User_75,18965.89,Dark Web,16,1
1613,User_347,765.26,Germany,23,0
1614,User_155,1466.99,North Korea,2,1
1615,User_474,12711.57,Brazil,14,1
1616,User_303,5029.82,Dark Web,4,1
1617,User_29,14157.56,Nigeria,1,0
1618,User_281,11654.69,Dark Web,9,1
1619,User_185,9075.63,Dark Web,16,1
1620,User_98,14905.53,Pakistan,2,0
1621,User_384,13019.5,Pakistan,14,1
1622,User_302,13205.6,Test Region,3,1
1623,User_282,17351.37,Russia,11,0
1624,User_301,17632.78,Brazil,12,0
1625,User_132,114.38,Pakistan,11,0
1626,User_270,14232.7,China,16,1
1627,User_397,14909.6,Nigeria,2,0
1628,User_224,3570.56,USA,16,0
1629,User_22,19917.19,Unknown,19,1
1630,User_44,16106.19,Unknown,11,1
1631,User_357,17200.87,North Korea,8,0
1632,User_139,1180.1,Russia,18,0
1633,User_162,7205.05,Test Region,5,1
1634,User_201,13703.09,USA,19,0
1635,User_116,10680.77,Brazil,6,0
1636,User_379,716.17,Test Region,12,1
1637,User_339,622.08,Nigeria,12,0
1638,User_192,8292.86,Pakistan,6,0
1639,User_157,13467.91,UK,20,0
1640,User_498,15458.43,Unknown,5,0
1641,User_168,2630.77,UK,6,0
1642,User_43,12691.8,Brazil,12,1
1643,User_134,7302.99,India,2,1
1644,User_338,19037.73,Dark Web,7,1
1645,User_131,7725.79,Pakistan,17,1
1646,User_109,17921.12,Dark Web,6,1
1647,User_151,4712.85,Brazil,9,0
1648,User_65,6056.93,Dark Web,5,1
1649,User_70,15774.06,Russia,22,0
1650,User_401,4650.77,Germany,23,0
1651,User_157,19451.15,India,12,0
1652,User_458,10950.77,Test Region,0,1
1653,User_364,3775.78,Unknown,20,0
1654,User_81,14969.01,Nigeria,1,1
1655,User_382,13545.76,Dark Web,22,1
1656,User_203,3993.87,India,22,0
1657,User_444,16713.72,USA,7,0
1658,User_166,14598.34,India,9,0
1659,User_492,3489.15,Nigeria,2,0
1660,User_152,4945.23,North Korea,4,0
1661,User_123,572.9,Test Region,14,1
1662,User_248,13852.79,Unknown,17,1
1663,User_185,3604.53,Brazil,18,0
1664,User_347,13295.83,Unknown,1,1
1665,User_143,693.34,Germany,9,0
1666,User_362,2956.26,Brazil,9,0
1667,User_68,6483.03,USA,6,0
1668,User_136,11589.29,India,11,0
1669,User_233,497.38,China,22,0
1670,User_495,5448.27,Brazil,15,0
1671,User_133,19946.96,China,20,0
1672,User_146,15792.28,Brazil,16,0
1673,User_499,13250.57,North Korea,4,0
1674,User_183,7651.76,Dark Web,0,1
1675,User_370,8827.97,UK,17,0
1676,User_52,8539.43,Unknown,0,1
1677,User_99,9882.64,UK,22,0
1678,User_327,8689.54,Unknown,13,1
1679,User_235,14247.73,Test Region,15,1
1680,User_96,12379.28,North Korea,21,0
1681,User_428,2568.63,Pakistan,22,1
1682,User_406,5598.45,Pakistan,5,0
1683,User_203,12331.34,UK,7,1
1684,User_175,14195.96,North Korea,1,0
1685,User_162,10932.1,Russia,10,1
1686,User_237,11136.68,North Korea,10,0
1687,User_143,18148.61,Test Region,16,1
1688,User_369,11188.64,North Korea,12,1
1689,User_475,4585.44,Germany,11,0
1690,User_374,1281.46,Unknown,6,1
1691,User_123,2154.04,India,16,0
1692,User_385,13761.84,Brazil,2,0
1693,User_124,16075.94,UK,21,1
1694,User_302,15954.89,Brazil,16,0
1695,User_263,2491.03,Dark Web,6,1
1696,User_16,2917.31,India,5,0
1697,User_224,18464.71,China,7,1
1698,User_241,11643.53,Germany,15,0
1699,User_189,19174.47,UK,0,0
1700,User_37,48.14,Test Region,9,1
1701,User_245,288.16,North Korea,14,0
1702,User_250,5764.87,North Korea,20,1
1703,User_338,10549.53,India,19,0
1704,User_362,4310.33,Germany,5,0
1705,User_166,6385.0,Nigeria,20,1
1706,User_381,6636.59,China,11,1
1707,User_387,9437.08,Russia,14,1
1708,User_30,12282.37,UK,9,0
1709,User_415,9253.07,China,4,0
1710,User_201,5423.58,Russia,10,1
1711,User_326,11501.15,Brazil,21,1
1712,User_203,14882.3,UK,13,1
1713,User_226,4830.71,Russia,22,1
1714,User_100,15826.8,Unknown,20,0
1715,User_120,19596.73,Brazil,3,0
1716,User_304,15141.81,Unknown,6,1
1717,User_18,19065.11,India,13,0
1718,User_443,10202.03,Pakistan,9,1
1719,User_145,11531.02,Germany,20,1
1720,User_420,17109.87,Unknown,23,1
1721,User_28,14569.04,USA,1,1
1722,User_383,1246.2,Dark Web,17,1
1723,User_44,2161.79,Pakistan,8,0
1724,User_383,7230.74,China,14,1
1725,User_243,18951.25,Nigeria,5,1
1726,User_220,2580.19,Germany,16,0
1727,User_485,15982.81,USA,22,0
1728,User_225,5636.22,Germany,21,1
1729,User_185,9583.53,North Korea,7,1
1730,User_363,11463.21,UK,21,0
1731,User_286,10913.63,Germany,13,0
1732,User_23,9655.14,USA,14,0
1733,User_412,2806.12,UK,13,0
1734,User_416,5505.3,USA,2,0
1735,User_164,18468.54,China,19,1
1736,User_258,13250.54,UK,10,0
1737,User_230,8429.87,Brazil,20,0
1738,User_243,3083.35,North Korea,5,0
1739,User_134,16772.05,UK,19,0
1740,User_243,9380.43,USA,13,1
1741,User_95,6166.35,China,11,0
1742,User_403,8807.05,Brazil,0,0
1743,User_247,2890.47,China,5,0
1744,User_248,7104.45,Germany,3,0
1745,User_107,6230.12,Test Region,12,1
1746,User_281,3989.56,Unknown,2,0
1747,User_454,16591.97,China,16,0
1748,User_260,17741.47,USA,12,1
1749,User_168,10364.49,Pakistan,4,0
1750,User_356,19489.58,Unknown,7,1
1751,User_32,18781.89,Brazil,9,0
1752,User_219,19872.23,UK,20,0
1753,User_159,12064.33,Unknown,23,1
1754,User_401,19788.67,North Korea,2,1
1755,User_482,8210.91,Brazil,22,0
1756,User_320,13792.19,India,6,0
1757,User_405,7273.78,USA,7,0
1758,User_422,19208.47,China,6,1
1759,User_2,19587.26,Nigeria,10,1
1760,User_43,15847.66,Pakistan,11,0
1761,User_184,719.12,Dark Web,13,1
1762,User_491,7586.87,Unknown,17,0
1763,User_94,11431.44,Brazil,22,0
1764,User_499,4321.31,Nigeria,18,0
1765,User_396,16336.67,North Korea,16,0
1766,User_80,7995.59,Nigeria,20,1
1767,User_63,5329.49,USA,9,0
1768,User_321,19654.3,Dark Web,19,1
1769,User_407,19932.05,Brazil,22,0
1770,User_65,13154.35,Unknown,9,0
1771,User_282,14952.55,Russia,0,1
1772,User_448,13119.16,India,2,0
1773,User_117,1180.68,Dark Web,14,0
1774,User_331,8779.63,Germany,3,0
1775,User_479,13587.28,UK,6,0
1776,User_39,12099.52,Nigeria,8,1
1777,User_130,8474.87,UK,0,0
1778,User_34,16217.17,UK,17,0
1779,User_431,8455.19,Pakistan,8,1
1780,User_397,8360.51,Brazil,20,0
1781,User_203,4978.26,Pakistan,10,1
1782,User_106,7598.01,Test Region,1,1
1783,User_174,7796.46,Pakistan,15,1
1784,User_63,455.5,Brazil,23,0
1785,User_305,4732.6,North Korea,21,1
1786,User_123,3354.85,Brazil,18,0
1787,User_327,14216.36,Dark Web,20,1
1788,User_258,8713.2,Dark Web,10,1
1789,User_430,11235.4,Unknown,6,1
1790,User_335,11711.52,UK,4,0
1791,User_45,9674.12,North Korea,7,1
1792,User_211,13961.01,USA,16,0
1793,User_418,16226.12,North Korea,5,1
1794,User_166,4965.37,Brazil,21,0
1795,User_496,7866.91,India,17,0
1796,User_44,2437.38,Test Region,0,1
1797,User_165,11134.62,Germany,17,0
1798,User_464,3283.67,Germany,12,0
1799,User_184,14481.1,Pakistan,12,0
1800,User_179,15939.44,Test Region,18,1
1801,User_275,398.05,Test Region,9,1
1802,User_87,3206.29,Russia,23,1
1803,User_458,19868.39,Brazil,1,0
1804,User_442,3564.1,China,22,0
1805,User_86,18236.4,Dark Web,14,1
1806,User_28,11490.83,Unknown,5,0
1807,User_56,8557.17,India,0,0
1808,User_18,6886.27,USA,10,1
1809,User_14,12843.17,Test Region,4,1
1810,User_286,13524.92,Brazil,8,0
1811,User_67,7979.72,Dark Web,8,1
1812,User_30,9403.85,Dark Web,4,1
1813,User_171,7153.32,Russia,0,1
1814,User_451,530.91,India,17,0
1815,User_188,9339.61,Unknown,1,0
1816,User_233,7890.17,UK,20,0
1817,User_185,18030.72,Brazil,9,1
1818,User_322,6050.93,Nigeria,10,1
1819,User_355,324.92,Test Region,14,1
1820,User_89,2029.56,Unknown,12,1
1821,User_340,13082.3,Nigeria,10,1
1822,User_53,8037.07,Unknown,12,0
1823,User_49,7607.74,Dark Web,17,1
1824,User_382,11641.17,Pakistan,11,0
1825,User_190,5248.77,North Korea,9,0
1826,User_406,14816.98,India,15,0
1827,User_85,1390.9,Nigeria,10,0
1828,User_234,12829.78,North Korea,19,1
1829,User_239,8576.6,UK,18,0
1830,User_330,11970.51,UK,18,0
1831,User_364,16987.84,Russia,21,1
1832,User_18,11205.32,India,12,0
1833,User_23,13867.13,Dark Web,19,1
1834,User_272,2350.68,India,14,0
1835,User_463,12641.67,Russia,17,0
1836,User_361,14564.17,North Korea,6,1
1837,User_467,5488.48,India,1,1
1838,User_491,13538.15,Germany,6,0
1839,User_153,14523.63,Dark Web,1,1
1840,User_165,3721.81,Germany,22,0
1841,User_227,19053.12,UK,10,1
1842,User_298,12609.42,UK,18,0
1843,User_92,734.57,India,2,1
1844,User_396,9823.42,Brazil,4,0
1845,User_247,5470.22,Nigeria,5,1
1846,User_397,8895.17,Russia,2,0
1847,User_374,11032.01,Test Region,20,1
1848,User_298,11829.66,Brazil,9,0
1849,User_429,8479.46,Test Region,13,1
1850,User_347,3698.45,Germany,13,0
1851,User_377,18354.08,India,16,0
1852,User_154,65.64,Brazil,9,0
1853,User_363,12112.3,Dark Web,13,1
1854,User_51,13225.44,Germany,2,0
1855,User_490,7248.13,USA,23,0
1856,User_246,15934.71,North Korea,2,1
1857,User_470,9287.46,Nigeria,19,1
1858,User_230,17623.85,Brazil,9,0
1859,User_368,17548.63,Germany,7,0
1860,User_365,5772.69,Brazil,16,1
1861,User_411,35.29,Germany,15,0
1862,User_94,3378.45,UK,0,0
1863,User_456,13480.16,Dark Web,0,1
1864,User_301,10888.41,China,12,0
1865,User_344,17123.71,India,21,0
1866,User_133,13691.26,North Korea,21,0
1867,User_144,10794.91,Brazil,13,0
1868,User_310,1093.65,UK,20,0
1869,User_216,8728.1,Unknown,14,1
1870,User_179,11130.04,UK,20,0
1871,User_102,8281.4,Test Region,0,1
1872,User_10,8048.25,Brazil,0,1
1873,User_413,5409.92,Germany,11,0
1874,User_194,15762.42,China,19,1
1875,User_466,17254.53,Dark Web,3,1
1876,User_272,15780.61,Unknown,15,1
1877,User_160,18821.48,Unknown,9,1
1878,User_340,14650.74,Germany,12,0
1879,User_28,6714.57,China,8,1
1880,User_443,18660.98,Unknown,13,1
1881,User_443,6397.2,Test Region,1,1
1882,User_469,7487.87,Dark Web,16,1
1883,User_122,19009.22,Test Region,5,1
1884,User_104,1192.19,China,22,0
1885,User_312,3947.67,Nigeria,16,0
1886,User_316,15531.4,India,21,0
1887,User_44,17912.07,USA,1,0
1888,User_151,15432.03,Russia,12,0
1889,User_8,15709.4,Pakistan,13,0
1890,User_52,8990.39,Germany,5,0
1891,User_345,10216.74,USA,13,0
1892,User_430,11655.39,Russia,7,1
1893,User_49,18830.25,Russia,0,0
1894,User_10,19926.26,Nigeria,9,1
1895,User_236,3309.7,China,1,0
1896,User_290,2899.01,North Korea,17,0
1897,User_66,12409.89,Nigeria,3,1
1898,User_469,16551.06,USA,23,0
1899,User_216,8608.09,Brazil,13,0
1900,User_367,18407.88,Test Region,11,1
1901,User_405,19689.92,North Korea,16,1
1902,User_16,15491.05,Unknown,4,1
1903,User_242,11920.11,UK,1,0
1904,User_326,8375.08,Russia,6,0
1905,User_81,4518.87,USA,2,0
1906,User_62,4892.92,USA,11,0
1907,User_47,14102.32,Brazil,20,0
1908,User_459,12736.51,USA,12,0
1909,User_74,12334.36,Brazil,8,0
1910,User_7,12139.63,North Korea,17,1
1911,User_434,16843.02,USA,1,1
1912,User_251,15753.82,Pakistan,20,0
1913,User_226,14150.15,Brazil,23,1
1914,User_122,13600.27,Brazil,19,0
1915,User_378,7440.72,Russia,1,0
1916,User_11,6246.39,Test Region,13,1
1917,User_37,5032.44,UK,17,1
1918,User_435,99.88,Dark Web,13,0
1919,User_479,5743.12,UK,10,0
1920,User_299,12089.92,Brazil,7,1
1921,User_66,19488.91,North Korea,8,0
1922,User_145,7646.87,Test Region,10,1
1923,User_173,19974.63,North Korea,0,1
1924,User_404,5878.2,Germany,1,0
1925,User_155,11949.56,USA,5,0
1926,User_383,8798.4,Unknown,22,1
1927,User_496,5799.73,UK,3,0
1928,User_467,6910.73,North Korea,20,1
1929,User_247,13681.33,China,14,1
1930,User_433,8393.91,China,5,1
1931,User_407,4860.61,Germany,17,0
1932,User_289,8205.59,Unknown,0,0
1933,User_492,11186.71,China,12,1
1934,User_199,6865.14,Dark Web,14,1
1935,User_41,8650.17,UK,12,0
1936,User_464,11369.7,Dark Web,17,1
1937,User_258,7914.4,Pakistan,5,0
1938,User_58,13378.28,China,9,1
1939,User_166,2094.37,Russia,8,0
1940,User_97,19027.76,Dark Web,0,1
1941,User_486,16576.61,Nigeria,3,0
1942,User_86,9256.57,Russia,17,1
1943,User_145,662.86,India,22,0
1944,User_216,8762.38,India,18,0
1945,User_117,8294.06,North Korea,0,1
1946,User_409,7343.4,Test Region,21,1
1947,User_405,15527.02,North Korea,13,1
1948,User_176,15435.73,Test Region,14,1
1949,User_118,8427.0,Brazil,1,0
1950,User_340,34.29,Germany,22,0
1951,User_492,433.14,China,6,0
1952,User_369,9823.21,China,9,1
1953,User_324,16764.44,Russia,1,1
1954,User_56,5877.84,Russia,7,0
1955,User_437,9510.25,Unknown,9,1
1956,User_462,9402.95,China,1,1
1957,User_159,18003.06,Unknown,4,0
1958,User_462,9791.42,Germany,20,1
1959,User_433,19910.08,Pakistan,6,0
1960,User_479,7581.82,Russia,1,1
1961,User_158,1399.84,North Korea,6,0
1962,User_220,16464.18,India,11,1
1963,User_382,11281.47,China,6,0
1964,User_94,16207.93,Pakistan,5,1
1965,User_302,6390.65,USA,18,0
1966,User_112,18865.25,Brazil,23,0
1967,User_6,19005.23,Dark Web,2,1
1968,User_324,12321.47,UK,12,1
1969,User_269,10977.35,Brazil,18,0
1970,User_293,18898.63,USA,12,1
1971,User_40,14595.75,UK,8,0
1972,User_62,10020.35,India,11,0
1973,User_98,15044.16,North Korea,20,0
1974,User_284,7809.65,Germany,10,1
1975,User_108,19939.76,UK,9,0
1976,User_479,11259.94,Test Region,23,1
1977,User_257,7324.53,China,1,1
1978,User_207,5598.57,Nigeria,23,1
1979,User_325,12106.18,Russia,11,1
1980,User_277,19296.11,USA,16,0
1981,User_7,15026.68,India,3,0
1982,User_155,16397.04,Brazil,12,0
1983,User_161,16518.15,Brazil,23,0
1984,User_454,12439.88,North Korea,23,1
1985,User_324,2260.81,Pakistan,15,0
1986,User_372,14998.73,India,19,0
1987,User_30,10579.21,USA,0,0
1988,User_222,7807.53,Brazil,21,1
1989,User_328,5986.81,Unknown,16,0
1990,User_188,18279.74,North Korea,1,1
1991,User_75,12179.77,Russia,4,1
1992,User_350,2241.27,Brazil,12,0
1993,User_355,4932.23,USA,23,0
1994,User_443,6881.43,Test Region,8,1
1995,User_344,6519.0,Nigeria,8,0
1996,User_266,4557.63,Dark Web,6,0
1997,User_323,1278.36,Nigeria,12,1
1998,User_428,8892.51,USA,16,0
1999,User_495,872.06,China,14,0
2000,User_118,10581.14,USA,23,0
